"WE_ID","WE_Type","WE_Name","WE_Descript","WE_Line","WE_MapType","WE_Map","WE_npcID","WE_npcMapCSV","WE_npcMin","WE_npcMax","WE_npcLiveTime","WE_npcReborn","WE_Buff","WE_BuffPeriod","WE_BuffClear","WE_BuffLeaveMapClear","WE_MsgType","WE_MsgStart","WE_MsgPeriod","WE_MsgKill","WE_MsgEnd","WE_ScheduleStart","WE_ScheduleEnd","WE_StartTime","WE_Length","WE_Period","WE_PeriodDay","WE_PeriodWeek","WE_PeriodMonth","WE_Repeat","WE_Script"
"16","2","店小二","固定NPC","0","0","0","693","we_npcmap04.csv","1","1","1440","0","0","0","0","0","0","","","","","2009-07-19","2019-07-19","19:10:00","1440","1","1","0","0","60",""
"20","2","科举大赛（周六）","周末活动","0","0","0","0","","0","0","0","0","0","0","0","0","2","科举选拔大赛即将于今日19：00准时开始，奉天承运，皇帝诏曰：凡我大唐子民均可通过乡试参加科举，凭借满腹经纶为我大唐造福！#46","","","科举选拔大赛即将于今日19：00准时开始，寒窗苦读的莘莘学子们，准备接受文武双官的严格考验吧！","2009-01-01","2019-01-02","13:00:00","30","2","0","6","0","0",""
"21","2","科举大赛（周六）","周末活动","0","0","0","0","","0","0","0","0","0","0","0","0","2","科举选拔大赛即将于今日19：00准时开始，奉天承运，皇帝诏曰：凡我大唐子民均可通过乡试参加科举，凭借满腹经纶为我大唐造福！#46","","","大家可以在建邺城找\#P乡试考官\#O参加乡试阶段的考试。通过乡试以后在\#P乡试考官\#O处报名以后可进行省试阶段的考试。","2009-01-01","2019-01-02","13:45:00","15","2","0","6","0","0",""
"22","2","科举大赛（周六）","周末活动","0","0","0","0","","0","0","0","0","0","0","0","0","2","想要知道你是否聪明过人或者武功高强吗？最好的方法莫过于来参加每周一次的科举大赛。乡试考官已经在建邺城等候多时了，现在还不快去参加？","","","","2009-01-01","2019-01-02","14:30:00","120","2","0","6","0","30",""
"23","2","科举大赛（周六）","周末活动","0","0","1","300060","we_npcmap07.csv","1","1","180","0","0","0","0","0","3","活动提醒：“科举大赛”现在正式开始！","","","","2009-01-01","2019-01-02","14:00:00","180","2","0","6","0","0",""
"24","2","科举大赛（周六）","周末活动","0","0","1","300061","we_npcmap08.csv","1","1","180","0","0","0","0","0","2","","活动提醒：“科举大赛”现在正在进行中，大家可以在建邺城找\#P乡试考官\#O官参加乡试阶段的考试。通过乡试以后在\#P乡试考官\#O处报名以后可进行省试阶段的考试。","","“科举大赛”现在结束，感谢大家的热情参与，恭喜此次拔得头筹的佼佼者们，未能榜上有名的考生们也请再接再厉。请大家期待下一次科举的到来！","2009-01-01","2019-01-02","14:00:00","180","2","0","6","0","0",""
"25","2","科举大赛（周六）","周末活动","0","0","6","300062","we_npcmap09.csv","1","1","180","0","0","0","0","0","0","","","","","2009-01-01","2019-01-02","14:00:00","180","2","0","6","0","0",""
"26","2","科举大赛（周六）","周末活动","0","0","6","300063","we_npcmap10.csv","1","1","180","0","0","0","0","0","0","","","","","2009-01-01","2019-01-02","14:00:00","180","2","0","6","0","0",""
"27","2","科举大赛（周六）","周末活动","0","0","34","300064","we_npcmap11.csv","1","1","180","0","0","0","0","0","0","","","","","2009-01-01","2019-01-02","14:00:00","180","2","0","6","0","0",""
"28","2","科举大赛（周六）","周末活动","0","0","34","300065","we_npcmap12.csv","1","1","180","0","0","0","0","0","0","","","","","2009-01-01","2019-01-02","14:00:00","180","2","0","6","0","0",""
"29","2","科举大赛（周六）","周末活动","0","0","19","300066","we_npcmap13.csv","1","1","180","0","0","0","0","0","0","","","","","2009-01-01","2019-01-02","14:00:00","180","2","0","6","0","0",""
"30","2","科举大赛（周六）","周末活动","0","0","19","300067","we_npcmap14.csv","1","1","180","0","0","0","0","0","0","","","","","2009-01-01","2019-01-02","14:00:00","180","2","0","6","0","0",""
"31","2","科举大赛（周六）","周末活动","0","0","19","300068","we_npcmap15.csv","1","1","180","0","0","0","0","0","0","","","","","2009-01-01","2019-01-02","14:00:00","180","2","0","6","0","0",""
"32","2","科举大赛（周六）","周末活动","0","0","34","300069","we_npcmap16.csv","1","1","180","0","0","0","0","0","0","","","","","2009-01-01","2019-01-02","14:00:00","180","2","0","6","0","0",""
"33","2","科举大赛（周六）","周末活动","0","0","34","300070","we_npcmap17.csv","1","1","180","0","0","0","0","0","0","","","","","2009-01-01","2019-01-02","14:00:00","180","2","0","6","0","0",""
"34","2","科举大赛（周六）","周末活动","0","0","28","300071","we_npcmap18.csv","1","1","180","0","0","0","0","0","0","","","","","2009-01-01","2019-01-02","14:00:00","180","2","0","6","0","0",""
"35","2","科举大赛（周六）","周末活动","0","0","28","300072","we_npcmap19.csv","1","1","180","0","0","0","0","0","0","","","","","2009-01-01","2019-01-02","14:00:00","180","2","0","6","0","0",""
"36","2","科举大赛（周六）","周末活动","0","0","27","300073","we_npcmap20.csv","1","1","180","0","0","0","0","0","0","","","","","2009-01-01","2019-01-02","14:00:00","180","2","0","6","0","0",""
"37","2","科举大赛（周六）","周末活动","0","0","27","300074","we_npcmap21.csv","1","1","180","0","0","0","0","0","0","","","","","2009-01-01","2019-01-02","14:00:00","180","2","0","6","0","0",""
"38","2","科举大赛（周六）","周末活动","0","0","27","300075","we_npcmap22.csv","1","1","180","0","0","0","0","0","0","","","","","2009-01-01","2019-01-02","14:00:00","180","2","0","6","0","0",""
"39","2","科举大赛（周六）","周末活动","0","0","34","300076","we_npcmap23.csv","1","1","180","0","0","0","0","0","0","","","","","2009-01-01","2019-01-02","14:00:00","180","2","0","6","0","0",""
"40","2","科举大赛（周六）","周末活动","0","0","34","300077","we_npcmap24.csv","1","1","180","0","0","0","0","0","0","","","","","2009-01-01","2019-01-02","14:00:00","180","2","0","6","0","0",""
"41","2","科举大赛（周六）","周末活动","0","0","34","300078","we_npcmap25.csv","1","1","180","0","0","0","0","0","0","","","","","2009-01-01","2019-01-02","14:00:00","180","2","0","6","0","0",""
"42","2","科举大赛（周六）","周末活动","0","0","34","300079","we_npcmap26.csv","1","1","180","0","0","0","0","0","0","","","","","2009-01-01","2019-01-02","14:00:00","180","2","0","6","0","0",""
"43","2","科举大赛（周六）","周末活动","0","0","34","300080","we_npcmap27.csv","1","1","180","0","0","0","0","0","0","","","","","2009-01-01","2019-01-02","14:00:00","180","2","0","6","0","0",""
"44","2","科举大赛（周六）","周末活动","0","0","34","300081","we_npcmap28.csv","1","1","180","0","0","0","0","0","0","","","","","2009-01-01","2019-01-02","14:00:00","180","2","0","6","0","0",""
"45","2","科举大赛（周六）","周末活动","0","0","34","300082","we_npcmap29.csv","1","1","180","0","0","0","0","0","0","","","","","2009-01-01","2019-01-02","14:00:00","180","2","0","6","0","0",""
"46","2","科举大赛（周六）","周末活动","0","0","34","300083","we_npcmap30.csv","1","1","180","0","0","0","0","0","0","","","","","2009-01-01","2019-01-02","14:00:00","180","2","0","6","0","0",""
"47","2","科举大赛（周六）","周末活动","0","0","34","300084","we_npcmap31.csv","1","1","180","0","0","0","0","0","0","","","","","2009-01-01","2019-01-02","14:00:00","180","2","0","6","0","0",""
"48","2","科举大赛（周六）","周末活动","0","0","1","300059","we_npcmap06.csv","1","1","180","0","0","0","0","0","0","","","","","2009-01-01","2019-01-02","14:00:00","180","2","0","6","0","0",""
"49","2","科举大赛（周日）","活动前提示公告","0","0","0","0","","0","0","0","0","0","0","0","0","2","科举选拔大赛即将于今日20：00准时开始，奉天承运，皇帝诏曰：凡我大唐子民均可通过乡试参加科举，凭借满腹经纶为我大唐造福！","","","科举选拔大赛即将于今日20：00准时开始，寒窗苦读的莘莘学子们，准备接受文武双官的严格考验吧！","2009-01-01","2019-01-02","19:00:00","30","2","0","7","0","0",""
"50","2","科举大赛（周日）","活动前提示公告及活动开始公告","0","0","0","0","","0","0","0","0","0","0","0","0","2","科举选拔大赛即将于今日20：00准时开始，奉天承运，皇帝诏曰：凡我大唐子民均可通过乡试参加科举，凭借满腹经纶为我大唐造福！","","","大家可以在建邺城找\#P乡试考官\#O参加乡试阶段的考试。通过乡试以后在\#P乡试考官\#O处报名以后可进行省试阶段的考试。","2009-01-01","2019-01-02","19:45:00","15","2","0","7","0","0",""
"51","2","科举大赛（周日）","活动中提示公告","0","0","0","0","","0","0","0","0","0","0","0","0","2","想要知道你是否聪明过人或者武功高强吗？最好的方法莫过于来参加每周一次的科举大赛。乡试考官已经在建邺城等候多时了，现在还不快去参加？","","","","2009-01-01","2019-01-02","20:30:00","120","2","0","7","0","30",""
"52","2","科举大赛（周日）","活动开始公告（大字）","0","0","1","300060","we_npcmap07.csv","1","1","180","0","0","0","0","0","3","奉天承运，皇帝诏曰：“科举大赛”现在正式开始！","","","","2009-01-01","2019-01-02","20:00:00","180","2","0","7","0","0",""
"53","2","科举大赛（周日）","周末活动一","0","0","1","300061","we_npcmap08.csv","1","1","180","0","0","0","0","0","2","","活动提醒：“科举大赛”现在正在进行中，大家可以在建邺城找\#P乡试考官\#O官参加乡试阶段的考试。通过乡试以后在\#P乡试考官\#O处报名以后可进行省试阶段的考试。","","“科举大赛”现在结束，感谢大家的热情参与，恭喜此次拔得头筹的佼佼者们，未能榜上有名的考生们也请再接再厉。请大家期待下一次科举的到来！","2009-01-01","2019-01-02","20:00:00","180","2","0","7","0","0",""
"54","2","科举大赛（周日）","周末活动一","0","0","6","300062","we_npcmap09.csv","1","1","180","0","0","0","0","0","0","","","","","2009-01-01","2019-01-02","20:00:00","180","2","0","7","0","0",""
"55","2","科举大赛（周日）","周末活动一","0","0","6","300063","we_npcmap10.csv","1","1","180","0","0","0","0","0","0","","","","","2009-01-01","2019-01-02","20:00:00","180","2","0","7","0","0",""
"56","2","科举大赛（周日）","周末活动一","0","0","34","300064","we_npcmap11.csv","1","1","180","0","0","0","0","0","0","","","","","2009-01-01","2019-01-02","20:00:00","180","2","0","7","0","0",""
"57","2","科举大赛（周日）","周末活动一","0","0","34","300065","we_npcmap12.csv","1","1","180","0","0","0","0","0","0","","","","","2009-01-01","2019-01-02","20:00:00","180","2","0","7","0","0",""
"58","2","科举大赛（周日）","周末活动一","0","0","19","300066","we_npcmap13.csv","1","1","180","0","0","0","0","0","0","","","","","2009-01-01","2019-01-02","20:00:00","180","2","0","7","0","0",""
"59","2","科举大赛（周日）","周末活动一","0","0","19","300067","we_npcmap14.csv","1","1","180","0","0","0","0","0","0","","","","","2009-01-01","2019-01-02","20:00:00","180","2","0","7","0","0",""
"60","2","科举大赛（周日）","周末活动一","0","0","34","300068","we_npcmap15.csv","1","1","180","0","0","0","0","0","0","","","","","2009-01-01","2019-01-02","20:00:00","180","2","0","7","0","0",""
"61","2","科举大赛（周日）","周末活动一","0","0","34","300069","we_npcmap16.csv","1","1","180","0","0","0","0","0","0","","","","","2009-01-01","2019-01-02","20:00:00","180","2","0","7","0","0",""
"62","2","科举大赛（周日）","周末活动一","0","0","28","300070","we_npcmap17.csv","1","1","180","0","0","0","0","0","0","","","","","2009-01-01","2019-01-02","20:00:00","180","2","0","7","0","0",""
"63","2","科举大赛（周日）","周末活动一","0","0","28","300071","we_npcmap18.csv","1","1","180","0","0","0","0","0","0","","","","","2009-01-01","2019-01-02","20:00:00","180","2","0","7","0","0",""
"64","2","科举大赛（周日）","周末活动一","0","0","27","300072","we_npcmap19.csv","1","1","180","0","0","0","0","0","0","","","","","2009-01-01","2019-01-02","20:00:00","180","2","0","7","0","0",""
"65","2","科举大赛（周日）","周末活动一","0","0","27","300073","we_npcmap20.csv","1","1","180","0","0","0","0","0","0","","","","","2009-01-01","2019-01-02","20:00:00","180","2","0","7","0","0",""
"66","2","科举大赛（周日）","周末活动一","0","0","27","300074","we_npcmap21.csv","1","1","180","0","0","0","0","0","0","","","","","2009-01-01","2019-01-02","20:00:00","180","2","0","7","0","0",""
"67","2","科举大赛（周日）","周末活动一","0","0","34","300075","we_npcmap22.csv","1","1","180","0","0","0","0","0","0","","","","","2009-01-01","2019-01-02","20:00:00","180","2","0","7","0","0",""
"68","2","科举大赛（周日）","周末活动一","0","0","34","300076","we_npcmap23.csv","1","1","180","0","0","0","0","0","0","","","","","2009-01-01","2019-01-02","20:00:00","180","2","0","7","0","0",""
"69","2","科举大赛（周日）","周末活动一","0","0","34","300077","we_npcmap24.csv","1","1","180","0","0","0","0","0","0","","","","","2009-01-01","2019-01-02","20:00:00","180","2","0","7","0","0",""
"70","2","科举大赛（周日）","周末活动一","0","0","34","300078","we_npcmap25.csv","1","1","180","0","0","0","0","0","0","","","","","2009-01-01","2019-01-02","20:00:00","180","2","0","7","0","0",""
"71","2","科举大赛（周日）","周末活动一","0","0","34","300079","we_npcmap26.csv","1","1","180","0","0","0","0","0","0","","","","","2009-01-01","2019-01-02","20:00:00","180","2","0","7","0","0",""
"72","2","科举大赛（周日）","周末活动一","0","0","34","300080","we_npcmap27.csv","1","1","180","0","0","0","0","0","0","","","","","2009-01-01","2019-01-02","20:00:00","180","2","0","7","0","0",""
"73","2","科举大赛（周日）","周末活动一","0","0","34","300081","we_npcmap28.csv","1","1","180","0","0","0","0","0","0","","","","","2009-01-01","2019-01-02","20:00:00","180","2","0","7","0","0",""
"74","2","科举大赛（周日）","周末活动一","0","0","34","300082","we_npcmap29.csv","1","1","180","0","0","0","0","0","0","","","","","2009-01-01","2019-01-02","20:00:00","180","2","0","7","0","0",""
"75","2","科举大赛（周日）","周末活动一","0","0","34","300083","we_npcmap30.csv","1","1","180","0","0","0","0","0","0","","","","","2009-01-01","2019-01-02","20:00:00","180","2","0","7","0","0",""
"76","2","科举大赛（周日）","周末活动一","0","0","34","300084","we_npcmap31.csv","1","1","180","0","0","0","0","0","0","","","","","2009-01-01","2019-01-02","20:00:00","180","2","0","7","0","0",""
"77","2","科举大赛（周日）","周末活动一","0","0","1","300059","we_npcmap06.csv","1","1","180","0","0","0","0","0","0","","","","","2009-01-01","2019-01-02","20:00:00","180","2","0","7","0","0",""
"145","4","帮派比武入选公告(周五)","帮派比武","0","0","0","0","","0","0","0","0","0","0","0","0","2","","","","","2009-04-01","2019-04-01","19:00:00","1","2","0","5","0","0","GuildWarCWGenGroup"
"146","4","帮派比武对阵公告(周五)","帮派比武","0","0","0","0","","0","0","0","0","0","0","0","0","2","","","","","2009-04-01","2019-04-01","19:30:00","1","2","0","5","0","0","GuildWarCWSendGroupRumor"
"147","4","帮派比武对阵公告(周六)","帮派比武","0","0","0","0","","0","0","0","0","0","0","0","0","2","","","","","2009-04-01","2019-04-01","19:30:00","1","2","0","6","0","0","GuildWarSendGroupRumor"
"148","4","帮派比武入场公告(周五)","帮派比武","0","0","0","0","","0","0","0","0","0","0","0","0","3","帮派比武已开放入场,入场时间为20:00至20:30,请参加帮战的玩家提前到长安帮派竞赛主持人处进入赛场,帮派比武将在20:30正式开始！","","","","2009-04-01","2019-04-01","20:00:00","60","2","0","5","0","0","GuildWarCWPrepare"
"149","4","帮派比武入场公告(周六)","帮派比武","0","0","0","0","","0","0","0","0","0","0","0","0","3","帮派比武已开放入场,入场时间为20:00至20:30,请参加帮战的玩家提前到长安帮派竞赛主持人处进入赛场,帮派比武将在20:30正式开始！","","","","2009-04-01","2019-04-01","20:00:00","60","2","0","6","0","0","GuildWarPrepare"
"150","4","帮派比武开始公告(周五)","帮派比武","0","0","0","0","","0","0","0","0","0","0","0","0","3","帮派比武正式开始！","","","","2009-04-01","2019-04-01","20:30:00","1","2","0","5","0","0","GuildWarCWStart"
"151","4","帮派比武开始公告(周六)","帮派比武","0","0","0","0","","0","0","0","0","0","0","0","0","3","帮派比武正式开始！","","","","2009-04-01","2019-04-01","20:30:00","1","2","0","6","0","0","GuildWarStart"
"152","4","周五帮派比武结束","帮派比武","0","0","0","0","","0","0","0","0","0","0","0","0","2","","","","","2009-04-01","2019-04-01","22:00:00","1","2","0","5","0","0","GuildWarCWEndContinue"
"153","4","周六帮派比武结束","帮派比武","0","0","0","0","","0","0","0","0","0","0","0","0","2","","","","","2009-04-01","2019-04-01","22:00:00","1","2","0","6","0","0","GuildWarEndAll"
"317","2","VIP","固定NPC","0","0","34","401112","we_npcmap322.csv","1","1","120","0","0","0","0","0","2","","","","","2009-07-19","2029-07-19","20:45:00","120","1","1","0","0","120"
"318","2","收服十恶（论剑周）","活动开始公告","0","0","0","0","0","0","0","14","0","0","0","0","0","3","","#O每天十二大门派闯关活动将在15分钟后开始，请各位做好准备，奖历多多","","经过大家的共同努力，本次门派闯关圆满结束，感谢大家的积极参与，我们下次再见！","2013-01-01","2022-01-01","20:45:00","59","2","0","0","0","15",""
"319","2","收服十恶（论剑周）","活动开始公告","0","0","0","0","0","1","1","60","0","0","0","0","0","2","常规活动：“门派闯关”现在正式开始！活动时间为1个小时！\#O","","","","2013-01-01","2022-01-01","21:00:00","60","2","0","3","0","0",""
"320","2","VIP","固定NPC","0","0","27","401100","we_npcmap310.csv","1","1","60","0","0","0","0","0","2","","","","","2009-07-19","2029-07-19","21:00:00","60","1","1","0","0","60"
"321","2","VIP","固定NPC","0","0","28","401101","we_npcmap311.csv","1","1","60","0","0","0","0","0","2","","","","","2009-07-19","2029-07-19","21:00:00","60","1","1","0","0","60"
"322","2","VIP","固定NPC","0","0","29","401102","we_npcmap312.csv","1","1","60","0","0","0","0","0","2","","","","","2009-07-19","2029-07-19","21:00:00","60","1","1","0","0","60"
"323","2","VIP","固定NPC","0","0","10","401103","we_npcmap313.csv","1","1","60","0","0","0","0","0","2","","","","","2009-07-19","2029-07-19","21:00:00","60","1","1","0","0","60"
"324","2","VIP","固定NPC","0","0","13","401104","we_npcmap314.csv","1","1","60","0","0","0","0","0","2","","","","","2009-07-19","2029-07-19","21:00:00","60","1","1","0","0","60"
"325","2","VIP","固定NPC","0","0","21","401105","we_npcmap315.csv","1","1","60","0","0","0","0","0","2","","","","","2009-07-19","2029-07-19","21:00:00","60","1","1","0","0","60"
"326","2","VIP","固定NPC","0","0","26","401106","we_npcmap316.csv","1","1","60","0","0","0","0","0","2","","","","","2009-07-19","2029-07-19","21:00:00","60","1","1","0","0","60"
"327","2","VIP","固定NPC","0","0","15","401107","we_npcmap317.csv","1","1","60","0","0","0","0","0","2","","","","","2009-07-19","2029-07-19","21:00:00","60","1","1","0","0","60"
"328","2","VIP","固定NPC","0","0","17","401108","we_npcmap318.csv","1","1","60","0","0","0","0","0","2","","","","","2009-07-19","2029-07-19","21:00:00","60","1","1","0","0","60"
"329","2","VIP","固定NPC","0","0","18","401109","we_npcmap319.csv","1","1","60","0","0","0","0","0","2","","","","","2009-07-19","2029-07-19","21:00:00","60","1","1","0","0","60"
"330","2","VIP","固定NPC","0","0","20","401110","we_npcmap320.csv","1","1","60","0","0","0","0","0","2","","","","","2009-07-19","2029-07-19","21:00:00","60","1","1","0","0","60"
"331","2","VIP","固定NPC","0","0","16","401111","we_npcmap321.csv","1","1","60","0","0","0","0","0","2","","","","","2009-07-19","2029-07-19","21:00:00","60","1","1","0","0","60"
"420","2","VIP","固定NPC","0","0","34","700028","we_npcmap323.csv","1","1","1440","0","0","0","0","0","2","","","","","2009-07-19","2019-07-19","00:00:00","1430","1","1","0","0","60"
"421","2","VIP","固定NPC","0","0","34","401121","we_npcmap324.csv","1","1","1430","0","0","0","0","0","2","","","","","2009-07-19","2019-07-19","00:00:00","1430","1","1","0","0","60"
"422","2","VIP","固定NPC","0","0","34","401120","we_npcmap325.csv","1","1","1430","0","0","0","0","0","2","","","","","2009-07-19","2019-07-19","00:00:00","1430","1","1","0","0","60"
"423","2","VIP","固定NPC","0","0","34","401122","we_npcmap326.csv","1","1","1430","0","0","0","0","0","2","","","","","2009-07-19","2019-07-19","00:00:00","1430","1","1","0","0","60"
"424","2","VIP","固定NPC","0","0","34","400900","we_npcmap327.csv","1","1","1430","0","0","0","0","0","2","","","","","2009-07-19","2019-07-19","00:00:00","1430","1","1","0","0","60"
"425","2","VIP","固定NPC","0","0","34","400901","we_npcmap328.csv","1","1","1430","0","0","0","0","0","2","","","","","2009-07-19","2019-07-19","00:00:00","1430","1","1","0","0","60"
"426","2","VIP","固定NPC","0","0","34","400904","we_npcmap329.csv","1","1","1430","0","0","0","0","0","2","","","","","2009-07-19","2019-07-19","00:00:00","1430","1","1","0","0","60"
"427","2","VIP","固定NPC","0","0","34","700030","we_npcmap330.csv","1","1","1430","0","0","0","0","0","2","","","","","2009-07-19","2019-07-19","00:00:00","1430","1","1","0","0","60"
"428","2","VIP","固定NPC","0","0","34","700031","we_npcmap331.csv","1","1","1430","0","0","0","0","0","2","","","","","2009-07-19","2019-07-19","00:00:00","1430","1","1","0","0","60"
"429","2","VIP","固定NPC","0","0","34","700029","we_npcmap332.csv","1","1","1430","0","0","0","0","0","2","","","","","2009-07-19","2019-07-19","00:00:00","1430","1","1","0","0","60"
"446","2","VIP","固定NPC","0","0","34","700027","we_npcmap334.csv","1","1","1439","0","0","0","0","0","2","","","","","2009-07-19","2029-07-19","00:00:00","1430","1","1","0","0","60"
"447","2","VIP","固定NPC","0","0","34","700032","we_npcmap335.csv","1","1","1439","0","0","0","0","0","2","","","","","2009-07-19","2019-07-19","00:00:00","1430","1","1","0","0","60"
"448","1","全服双倍经验","周六22点—23点","0","1","0","0","","0","0","0","0","254","120","1","1","3","每周一至周四的20:00至21:00，周六20:00至22:00为全服双倍经验时间，野外练级及灭青任务都能获得双倍效果，与经验丸效果叠加更可事半功倍哦！","现在是全服双倍经验时间，野外练级及灭青任务都能获得双倍效果，和经验丸效果叠加更可事半功倍哦！祝大家玩得开心。","","全服双倍经验时间结束！感谢大家的支持！","2013-01-01","2022-01-01","20:00:00","120","2","0","6","0","10",""
"449","1","全服双倍经验","周六22点—23点","0","1","0","0","","0","0","0","0","254","120","1","1","3","每周一至周四的20:00至21:00，周六20:00至22:00为全服双倍经验时间，野外练级及灭青任务都能获得双倍效果，与经验丸效果叠加更可事半功倍哦！","现在是全服双倍经验时间，野外练级及灭青任务都能获得双倍效果，和经验丸效果叠加更可事半功倍哦！祝大家玩得开心。","","全服双倍经验时间结束！感谢大家的支持！","2013-01-01","2022-01-01","20:00:00","120","2","0","7","0","10",""
"457","2","VIP","固定NPC","0","0","800","350021","we_npcmap345.csv","1","1","1439","0","0","0","0","0","2","","","","","2009-07-19","2029-07-19","00:00:00","1430","1","1","0","0","60"
"458","2","VIP","固定NPC","0","0","800","350022","we_npcmap346.csv","1","1","1439","0","0","0","0","0","2","","","","","2009-07-19","2029-07-19","00:00:00","1430","1","1","0","0","60"
"459","2","VIP","固定NPC","0","0","800","350023","we_npcmap347.csv","1","1","1439","0","0","0","0","0","2","","","","","2009-07-19","2029-07-19","00:00:00","1430","1","1","0","0","60"
"460","2","VIP","固定NPC","0","0","800","350024","we_npcmap348.csv","1","1","1439","0","0","0","0","0","2","","","","","2009-07-19","2029-07-19","00:00:00","1430","1","1","0","0","60"
"461","2","VIP","固定NPC","0","0","800","350025","we_npcmap349.csv","1","1","1439","0","0","0","0","0","2","","","","","2009-07-19","2029-07-19","00:00:00","1430","1","1","0","0","60"
"462","2","VIP","固定NPC","0","0","800","350026","we_npcmap350.csv","1","1","1439","0","0","0","0","0","2","","","","","2009-07-19","2029-07-19","00:00:00","1430","1","1","0","0","60"
"463","2","VIP","固定NPC","0","0","800","350027","we_npcmap351.csv","1","1","1439","0","0","0","0","0","2","","","","","2009-07-19","2029-07-19","00:00:00","1430","1","1","0","0","60"
"464","2","VIP","固定NPC","0","0","800","350028","we_npcmap352.csv","1","1","1439","0","0","0","0","0","2","","","","","2009-07-19","2029-07-19","00:00:00","1430","1","1","0","0","60"
"465","2","VIP","固定NPC","0","0","800","350029","we_npcmap353.csv","1","1","1439","0","0","0","0","0","2","","","","","2009-07-19","2029-07-19","00:00:00","1430","1","1","0","0","60"
"466","2","VIP","固定NPC","0","0","800","350030","we_npcmap354.csv","1","1","1439","0","0","0","0","0","2","","","","","2009-07-19","2029-07-19","00:00:00","1430","1","1","0","0","60"
"467","2","VIP","固定NPC","0","0","800","350031","we_npcmap355.csv","1","1","1439","0","0","0","0","0","2","","","","","2009-07-19","2029-07-19","00:00:00","1430","1","1","0","0","60"
"468","2","VIP","固定NPC","0","0","800","350032","we_npcmap356.csv","1","1","1439","0","0","0","0","0","2","","","","","2009-07-19","2029-07-19","00:00:00","1430","1","1","0","0","60"
"469","2","VIP","固定NPC","0","0","800","350033","we_npcmap357.csv","1","1","1439","0","0","0","0","0","2","","","","","2009-07-19","2029-07-19","00:00:00","1430","1","1","0","0","60"
"470","2","VIP","固定NPC","0","0","800","350034","we_npcmap358.csv","1","1","1439","0","0","0","0","0","2","","","","","2009-07-19","2029-07-19","00:00:00","1430","1","1","0","0","60"
"471","2","VIP","固定NPC","0","0","800","350035","we_npcmap359.csv","1","1","1439","0","0","0","0","0","2","","","","","2009-07-19","2029-07-19","00:00:00","1430","1","1","0","0","60"
"472","2","VIP","固定NPC","0","0","800","350036","we_npcmap360.csv","1","1","1439","0","0","0","0","0","2","","","","","2009-07-19","2029-07-19","00:00:00","1430","1","1","0","0","60"
"473","2","VIP","固定NPC","0","0","800","350037","we_npcmap361.csv","1","1","1439","0","0","0","0","0","2","","","","","2009-07-19","2029-07-19","00:00:00","1430","1","1","0","0","60"
"474","2","VIP","固定NPC","0","0","800","350038","we_npcmap362.csv","1","1","1439","0","0","0","0","0","2","","","","","2009-07-19","2029-07-19","00:00:00","1430","1","1","0","0","60"
"475","2","VIP","固定NPC","0","0","800","350039","we_npcmap363.csv","1","1","1439","0","0","0","0","0","2","","","","","2009-07-19","2029-07-19","00:00:00","1430","1","1","0","0","60"
"476","2","VIP","固定NPC","0","0","800","350040","we_npcmap364.csv","1","1","1439","0","0","0","0","0","2","","","","","2009-07-19","2029-07-19","00:00:00","1430","1","1","0","0","60"
"477","2","VIP","固定NPC","0","0","800","350041","we_npcmap365.csv","1","1","1439","0","0","0","0","0","2","","","","","2009-07-19","2029-07-19","00:00:00","1430","1","1","0","0","60"
"478","2","VIP","固定NPC","0","0","800","350042","we_npcmap366.csv","1","1","1439","0","0","0","0","0","2","","","","","2009-07-19","2029-07-19","00:00:00","1430","1","1","0","0","60"
"479","2","VIP","固定NPC","0","0","800","350043","we_npcmap367.csv","1","1","1439","0","0","0","0","0","2","","","","","2009-07-19","2029-07-19","00:00:00","1430","1","1","0","0","60"
"480","2","VIP","固定NPC","0","0","800","350044","we_npcmap368.csv","1","1","1439","0","0","0","0","0","2","","","","","2009-07-19","2029-07-19","00:00:00","1430","1","1","0","0","60"
"481","2","VIP","固定NPC","0","0","800","350045","we_npcmap369.csv","1","1","1439","0","0","0","0","0","2","","","","","2009-07-19","2029-07-19","00:00:00","1430","1","1","0","0","60"
"482","2","VIP","固定NPC","0","0","800","350046","we_npcmap370.csv","1","1","1439","0","0","0","0","0","2","","","","","2009-07-19","2029-07-19","00:00:00","1430","1","1","0","0","60"
"483","2","VIP","固定NPC","0","0","800","350047","we_npcmap371.csv","1","1","1439","0","0","0","0","0","2","","","","","2009-07-19","2029-07-19","00:00:00","1430","1","1","0","0","60"
"484","2","VIP","固定NPC","0","0","800","350048","we_npcmap372.csv","1","1","1439","0","0","0","0","0","2","","","","","2009-07-19","2029-07-19","00:00:00","1430","1","1","0","0","60"
"485","2","VIP","固定NPC","0","0","800","350049","we_npcmap373.csv","1","1","1439","0","0","0","0","0","2","","","","","2009-07-19","2029-07-19","00:00:00","1430","1","1","0","0","60"
"486","2","VIP","固定NPC","0","0","800","350050","we_npcmap374.csv","1","1","1439","0","0","0","0","0","2","","","","","2009-07-19","2029-07-19","00:00:00","1430","1","1","0","0","60"
"487","2","VIP","固定NPC","0","0","800","350051","we_npcmap375.csv","1","1","1439","0","0","0","0","0","2","","","","","2009-07-19","2029-07-19","00:00:00","1430","1","1","0","0","60"
"488","2","VIP","固定NPC","0","0","800","350052","we_npcmap376.csv","1","1","1439","0","0","0","0","0","2","","","","","2009-07-19","2029-07-19","00:00:00","1430","1","1","0","0","60"
"489","2","VIP","固定NPC","0","0","800","350053","we_npcmap377.csv","1","1","1439","0","0","0","0","0","2","","","","","2009-07-19","2029-07-19","00:00:00","1430","1","1","0","0","60"
"490","2","VIP","固定NPC","0","0","800","350054","we_npcmap378.csv","1","1","1439","0","0","0","0","0","2","","","","","2009-07-19","2029-07-19","00:00:00","1430","1","1","0","0","60"
"491","2","VIP","固定NPC","0","0","800","350055","we_npcmap379.csv","1","1","1439","0","0","0","0","0","2","","","","","2009-07-19","2029-07-19","00:00:00","1430","1","1","0","0","60"
"492","2","VIP","固定NPC","0","0","800","350056","we_npcmap380.csv","1","1","1439","0","0","0","0","0","2","","","","","2009-07-19","2029-07-19","00:00:00","1430","1","1","0","0","60"
"493","2","VIP","固定NPC","0","0","800","350057","we_npcmap381.csv","1","1","1439","0","0","0","0","0","2","","","","","2009-07-19","2029-07-19","00:00:00","1430","1","1","0","0","60"
"494","2","VIP","固定NPC","0","0","800","350058","we_npcmap382.csv","1","1","1439","0","0","0","0","0","2","","","","","2009-07-19","2029-07-19","00:00:00","1430","1","1","0","0","60"
"495","2","VIP","固定NPC","0","0","800","350059","we_npcmap383.csv","1","1","1439","0","0","0","0","0","2","","","","","2009-07-19","2029-07-19","00:00:00","1430","1","1","0","0","60"
"496","2","VIP","固定NPC","0","0","800","350060","we_npcmap384.csv","1","1","1439","0","0","0","0","0","2","","","","","2009-07-19","2029-07-19","00:00:00","1430","1","1","0","0","60"
"497","2","VIP","固定NPC","0","0","800","350061","we_npcmap385.csv","1","1","1439","0","0","0","0","0","2","","","","","2009-07-19","2029-07-19","00:00:00","1430","1","1","0","0","60"
"498","2","VIP","固定NPC","0","0","800","350062","we_npcmap386.csv","1","1","1439","0","0","0","0","0","2","","","","","2009-07-19","2029-07-19","00:00:00","1430","1","1","0","0","60"
"499","2","VIP","固定NPC","0","0","800","350063","we_npcmap387.csv","1","1","1439","0","0","0","0","0","2","","","","","2009-07-19","2029-07-19","00:00:00","1430","1","1","0","0","60"
"500","2","VIP","固定NPC","0","0","800","350064","we_npcmap388.csv","1","1","1439","0","0","0","0","0","2","","","","","2009-07-19","2029-07-19","00:00:00","1430","1","1","0","0","60"
"501","2","VIP","固定NPC","0","0","800","350065","we_npcmap389.csv","1","1","1439","0","0","0","0","0","2","","","","","2009-07-19","2029-07-19","00:00:00","1430","1","1","0","0","60"
"502","2","VIP","固定NPC","0","0","800","350066","we_npcmap390.csv","1","1","1439","0","0","0","0","0","2","","","","","2009-07-19","2029-07-19","00:00:00","1430","1","1","0","0","60"
"503","2","VIP","固定NPC","0","0","800","350067","we_npcmap391.csv","1","1","1439","0","0","0","0","0","2","","","","","2009-07-19","2029-07-19","00:00:00","1430","1","1","0","0","60"
"504","2","VIP","固定NPC","0","0","800","350068","we_npcmap392.csv","1","1","1439","0","0","0","0","0","2","","","","","2009-07-19","2029-07-19","00:00:00","1430","1","1","0","0","60"
"505","2","VIP","固定NPC","0","0","800","350069","we_npcmap393.csv","1","1","1439","0","0","0","0","0","2","","","","","2009-07-19","2029-07-19","00:00:00","1430","1","1","0","0","60"
"506","2","VIP","固定NPC","0","0","800","350070","we_npcmap394.csv","1","1","1439","0","0","0","0","0","2","","","","","2009-07-19","2029-07-19","00:00:00","1430","1","1","0","0","60"
"507","2","VIP","固定NPC","0","0","800","350071","we_npcmap343.csv","1","1","1439","0","0","0","0","0","2","","","","","2009-07-19","2029-07-19","00:00:00","1430","1","1","0","0","60"
"508","2","VIP","固定NPC","0","0","800","350072","we_npcmap344.csv","1","1","1439","0","0","0","0","0","2","","","","","2009-07-19","2029-07-19","00:00:00","1430","1","1","0","0","60"
"519","2","VIP","固定NPC","0","0","263","400902","we_npcmap409.csv","1","1","1439","0","0","0","0","0","2","","","","","2009-07-19","2029-07-19","00:00:00","1430","1","1","0","0","60"
"520","2","VIP","固定NPC","0","0","28","403000","we_npcmap420.csv","1","1","1439","0","0","0","0","0","2","","","","","2009-07-19","2029-07-19","00:00:00","1430","1","1","0","0","60"
"521","2","VIP","固定NPC","0","0","87","403009","we_npcmap421.csv","1","1","1439","0","0","0","0","0","2","","","","","2009-07-19","2029-07-19","00:00:00","1430","1","1","0","0","60"
"522","2","VIP","固定NPC","0","0","87","403005","we_npcmap422.csv","1","1","1439","0","0","0","0","0","2","","","","","2009-07-19","2029-07-19","00:00:00","1430","1","1","0","0","60"
"523","2","VIP","固定NPC","0","0","87","403002","we_npcmap423.csv","1","1","1439","0","0","0","0","0","2","","","","","2009-07-19","2029-07-19","00:00:00","1430","1","1","0","0","60"
"524","2","VIP","固定NPC","0","0","87","403003","we_npcmap424.csv","1","1","1439","0","0","0","0","0","2","","","","","2009-07-19","2029-07-19","00:00:00","1430","1","1","0","0","60"
"525","2","VIP","固定NPC","0","0","87","403004","we_npcmap425.csv","1","1","1439","0","0","0","0","0","2","","","","","2009-07-19","2029-07-19","00:00:00","1430","1","1","0","0","60"
"526","2","VIP","固定NPC","0","0","87","403006","we_npcmap426.csv","1","1","1439","0","0","0","0","0","2","","","","","2009-07-19","2029-07-19","00:00:00","1430","1","1","0","0","60"
"527","2","VIP","固定NPC","0","0","87","403007","we_npcmap427.csv","1","1","1439","0","0","0","0","0","2","","","","","2009-07-19","2029-07-19","00:00:00","1430","1","1","0","0","60"
"528","2","VIP","固定NPC","0","0","87","403010","we_npcmap428.csv","1","1","1439","0","0","0","0","0","2","","","","","2009-07-19","2029-07-19","00:00:00","1430","1","1","0","0","60"
"530","2","VIP","固定NPC","0","0","503","407000","we_npcmap440.csv","1","1","1439","0","0","0","0","0","2","","","","","2009-07-19","2029-07-19","00:00:00","1430","1","1","0","0","60"
"531","2","VIP","固定NPC","0","0","503","407001","we_npcmap441.csv","1","1","1439","0","0","0","0","0","2","","","","","2009-07-19","2029-07-19","00:00:00","1430","1","1","0","0","60"
"532","2","VIP","固定NPC","0","0","503","407002","we_npcmap442.csv","1","1","1439","0","0","0","0","0","2","","","","","2009-07-19","2029-07-19","00:00:00","1430","1","1","0","0","60"
"533","2","VIP","固定NPC","0","0","503","407009","we_npcmap443.csv","1","1","1439","0","0","0","0","0","2","","","","","2009-07-19","2029-07-19","00:00:00","1430","1","1","0","0","60"
"534","2","VIP","固定NPC","0","0","504","407003","we_npcmap444.csv","1","1","1439","0","0","0","0","0","2","","","","","2009-07-19","2029-07-19","00:00:00","1430","1","1","0","0","60"
"535","2","VIP","固定NPC","0","0","504","407004","we_npcmap445.csv","1","1","1439","0","0","0","0","0","2","","","","","2009-07-19","2029-07-19","00:00:00","1430","1","1","0","0","60"
"536","2","VIP","固定NPC","0","0","504","407005","we_npcmap446.csv","1","1","1439","0","0","0","0","0","2","","","","","2009-07-19","2029-07-19","00:00:00","1430","1","1","0","0","60"
"537","2","VIP","固定NPC","0","0","504","407006","we_npcmap447.csv","1","1","1439","0","0","0","0","0","2","","","","","2009-07-19","2029-07-19","00:00:00","1430","1","1","0","0","60"
"538","2","VIP","固定NPC","0","0","504","407007","we_npcmap448.csv","1","1","1439","0","0","0","0","0","2","","","","","2009-07-19","2029-07-19","00:00:00","1430","1","1","0","0","60"
"539","2","VIP","固定NPC","0","0","504","407008","we_npcmap449.csv","1","1","1439","0","0","0","0","0","2","","","","","2009-07-19","2029-07-19","00:00:00","1430","1","1","0","0","60"
"540","2","VIP","固定NPC","0","0","501","1000","we_npcmap450.csv","1","1","1439","0","0","0","0","0","2","","","","","2009-07-19","2029-07-19","00:00:00","1439","1","1","0","0","60"
"541","2","VIP","固定NPC","0","0","0","2001","we_npcmap451.csv","1","1","1430","0","0","0","0","0","2","","","","","2009-07-19","2029-07-19","00:00:00","1439","1","1","0","0","60"
"542","2","VIP","固定NPC","0","0","0","2002","we_npcmap452.csv","1","1","1430","0","0","0","0","0","2","","","","","2009-07-19","2029-07-19","00:00:00","1439","1","1","0","0","60"
"543","2","VIP","固定NPC","0","0","0","2003","we_npcmap453.csv","1","1","1430","0","0","0","0","0","2","","","","","2009-07-19","2029-07-19","00:00:00","1439","1","1","0","0","60"
"544","2","VIP","固定NPC","0","0","0","2004","we_npcmap454.csv","1","1","1430","0","0","0","0","0","2","","","","","2009-07-19","2029-07-19","00:00:00","1439","1","1","0","0","60"
"545","2","VIP","固定NPC","0","0","0","2005","we_npcmap455.csv","1","1","1430","0","0","0","0","0","2","","","","","2009-07-19","2029-07-19","00:00:00","1439","1","1","0","0","60"
"546","2","VIP","固定NPC","0","0","0","2006","we_npcmap456.csv","1","1","1430","0","0","0","0","0","2","","","","","2009-07-19","2029-07-19","00:00:00","1439","1","1","0","0","60"
"547","2","VIP","固定NPC","0","0","0","2007","we_npcmap457.csv","1","1","1430","0","0","0","0","0","2","","","","","2009-07-19","2029-07-19","00:00:00","1439","1","1","0","0","60"
"548","2","VIP","固定NPC","0","0","0","2008","we_npcmap458.csv","1","1","1430","0","0","0","0","0","2","","","","","2009-07-19","2029-07-19","00:00:00","1439","1","1","0","0","60"
"549","2","VIP","固定NPC","0","0","0","2009","we_npcmap459.csv","1","1","1430","0","0","0","0","0","2","","","","","2009-07-19","2029-07-19","00:00:00","1439","1","1","0","0","60"
"550","2","VIP","固定NPC","0","0","0","2010","we_npcmap460.csv","1","1","1430","0","0","0","0","0","2","","","","","2009-07-19","2029-07-19","00:00:00","1439","1","1","0","0","60"
"551","2","VIP","固定NPC","0","0","0","2011","we_npcmap461.csv","1","1","1430","0","0","0","0","0","2","","","","","2009-07-19","2029-07-19","00:00:00","1439","1","1","0","0","60"
"552","2","VIP","固定NPC","0","0","0","2012","we_npcmap462.csv","1","1","1430","0","0","0","0","0","2","","","","","2009-07-19","2029-07-19","00:00:00","1439","1","1","0","0","60"
"553","2","VIP","固定NPC","0","0","0","2013","we_npcmap463.csv","1","1","1430","0","0","0","0","0","2","","","","","2009-07-19","2029-07-19","00:00:00","1439","1","1","0","0","60"
"554","2","VIP","固定NPC","0","0","0","2014","we_npcmap464.csv","1","1","1430","0","0","0","0","0","2","","","","","2009-07-19","2029-07-19","00:00:00","1439","1","1","0","0","60"
"555","2","VIP","固定NPC","0","0","0","2101","we_npcmap465.csv","1","1","1430","0","0","0","0","0","2","","","","","2009-07-19","2029-07-19","00:00:00","1439","1","1","0","0","60"
"556","2","VIP","固定NPC","0","0","0","2102","we_npcmap466.csv","1","1","1430","0","0","0","0","0","2","","","","","2009-07-19","2029-07-19","00:00:00","1439","1","1","0","0","60"
"557","2","VIP","固定NPC","0","0","0","2103","we_npcmap467.csv","1","1","1430","0","0","0","0","0","2","","","","","2009-07-19","2029-07-19","00:00:00","1439","1","1","0","0","60"
"558","2","VIP","固定NPC","0","0","0","2104","we_npcmap468.csv","1","1","1430","0","0","0","0","0","2","","","","","2009-07-19","2029-07-19","00:00:00","1439","1","1","0","0","60"
"559","2","VIP","固定NPC","0","0","0","2105","we_npcmap469.csv","1","1","1430","0","0","0","0","0","2","","","","","2009-07-19","2029-07-19","00:00:00","1439","1","1","0","0","60"
"560","2","VIP","固定NPC","0","0","0","2106","we_npcmap470.csv","1","1","1430","0","0","0","0","0","2","","","","","2009-07-19","2029-07-19","00:00:00","1439","1","1","0","0","60"
"561","2","VIP","固定NPC","0","0","0","2107","we_npcmap471.csv","1","1","1430","0","0","0","0","0","2","","","","","2009-07-19","2029-07-19","00:00:00","1439","1","1","0","0","60"
"562","2","VIP","固定NPC","0","0","0","2108","we_npcmap472.csv","1","1","1430","0","0","0","0","0","2","","","","","2009-07-19","2029-07-19","00:00:00","1439","1","1","0","0","60"
"563","2","VIP","固定NPC","0","0","0","2109","we_npcmap473.csv","1","1","1430","0","0","0","0","0","2","","","","","2009-07-19","2029-07-19","00:00:00","1439","1","1","0","0","60"
"564","2","VIP","固定NPC","0","0","0","2110","we_npcmap474.csv","1","1","1430","0","0","0","0","0","2","","","","","2009-07-19","2029-07-19","00:00:00","1439","1","1","0","0","60"
"565","2","VIP","固定NPC","0","0","0","2111","we_npcmap475.csv","1","1","1430","0","0","0","0","0","2","","","","","2009-07-19","2029-07-19","00:00:00","1439","1","1","0","0","60"
"566","2","VIP","固定NPC","0","0","0","2112","we_npcmap476.csv","1","1","1430","0","0","0","0","0","2","","","","","2009-07-19","2029-07-19","00:00:00","1439","1","1","0","0","60"
"567","2","VIP","固定NPC","0","0","0","2113","we_npcmap477.csv","1","1","1430","0","0","0","0","0","2","","","","","2009-07-19","2029-07-19","00:00:00","1439","1","1","0","0","60"
"568","2","VIP","固定NPC","0","0","0","2114","we_npcmap478.csv","1","1","1430","0","0","0","0","0","2","","","","","2009-07-19","2029-07-19","00:00:00","1439","1","1","0","0","60"
"569","2","VIP","固定NPC","0","0","1 | 2 | 6 | 7 | 8 | 11 | 12 | 14 | 19 | 34 | 84","300523","0","250","250","1430","0","0","0","0","0","2","","","","","2009-07-19","2029-07-19","00:00:00","1439","1","1","0","0","60"
"570","2","VIP","固定NPC","0","0","1 | 2 | 6 | 7 | 8 | 11 | 12 | 14 | 19 | 34 | 84","400500","0","100","100","1430","0","0","0","0","0","2","","","","","2009-07-19","2029-07-19","00:00:00","1439","1","1","0","0","60"
"571","2","VIP","固定NPC","0","0","1 | 2 | 6 | 7 | 8 | 11 | 12 | 14 | 19 | 34 | 84","730","0","100","100","1430","0","0","0","0","0","2","","","","","2009-07-19","2029-07-19","00:00:00","1439","1","1","0","0","60"
"572","2","VIP","固定NPC","0","0","1 | 2 | 6 | 7 | 8 | 11 | 12 | 14 | 19 | 34 | 84","400700","0","100","100","1430","0","0","0","0","0","2","","","","","2009-07-19","2029-07-19","00:00:00","1439","1","1","0","0","60"
"573","2","VIP","固定NPC","0","0","30 | 31 | 32 | 33","400800","0","100","100","1430","0","0","0","0","0","2","","","","","2009-07-19","2029-07-19","00:00:00","1439","1","1","0","0","60"
"574","2","VIP","固定NPC","0","0","30 | 31 | 32 | 33","400801","0","100","100","1430","0","0","0","0","0","2","","","","","2009-07-19","2029-07-19","00:00:00","1439","1","1","0","0","60"
"575","2","VIP","固定NPC","0","0","30 | 31 | 32 | 33","3000","0","100","100","1430","0","0","0","0","0","2","","","","","2009-07-19","2029-07-19","00:00:00","1439","1","1","0","0","60"
"576","2","VIP","固定NPC","0","0","30 | 31 | 32 | 33","3001","0","100","100","1430","0","0","0","0","0","2","","","","","2009-07-19","2029-07-19","00:00:00","1439","1","1","0","0","60"
"577","2","VIP","固定NPC","0","0","22 | 23 | 24 | 25","3002","0","100","100","1430","0","0","0","0","0","2","","","","","2009-07-19","2029-07-19","00:00:00","1439","1","1","0","0","60"
"578","2","VIP","固定NPC","0","0","22 | 23 | 24 | 25","3003","0","100","100","1430","0","0","0","0","0","2","","","","","2009-07-19","2029-07-19","00:00:00","1439","1","1","0","0","60"
"579","2","VIP","固定NPC","0","0","22 | 23 | 24 | 25","3004","0","100","100","1430","0","0","0","0","0","2","","","","","2009-07-19","2029-07-19","00:00:00","1439","1","1","0","0","60"
"580","2","VIP","固定NPC","0","0","22 | 23 | 24 | 25","3005","0","100","100","1430","0","0","0","0","0","2","","","","","2009-07-19","2029-07-19","00:00:00","1439","1","1","0","0","60"
"581","2","VIP","固定NPC","0","0","11","3006","0","100","100","1430","0","0","0","0","0","2","","","","","2009-07-19","2029-07-19","00:00:00","1439","1","1","0","0","60"
"582","2","VIP","固定NPC","0","0","11","3007","0","100","100","1430","0","0","0","0","0","2","","","","","2009-07-19","2029-07-19","00:00:00","1439","1","1","0","0","60"
"583","2","第一层","NPC","0","0","20300","800011","we_npcmap1314.csv","1","1","1430","0","0","0","0","0","0","","","","","2009-07-19","2029-07-19","00:00:00","1430","1","1","0","0","0",""
"584","2","第二层","NPC","0","0","20300","800012","we_npcmap1315.csv","1","1","1430","0","0","0","0","0","0","","","","","2005-01-01","2019-01-01","00:00:00","1430","1","1","0","0","0",""
"585","2","第三层","NPC","0","0","20300","800013","we_npcmap1316.csv","1","1","1430","0","0","0","0","0","0","","","","","2005-01-01","2019-01-01","00:00:00","1430","1","1","0","0","0",""
"586","2","第四层","NPC","0","0","20300","800014","we_npcmap1317.csv","1","1","1430","0","0","0","0","0","0","","","","","2005-01-01","2019-01-01","00:00:00","1430","1","1","0","0","0",""
"587","2","第五层","NPC","0","0","20300","800015","we_npcmap1318.csv","1","1","1430","0","0","0","0","0","0","","","","","2005-01-01","2019-01-01","00:00:00","1430","1","1","0","0","0",""
"588","2","固定NPC","NPC","0","0","20300","800016","we_npcmap1319.csv","1","1","1430","0","0","0","0","0","0","","","","","2005-01-01","2019-01-01","00:00:00","1440","1","1","0","0","0",""
"589","2","铜宝箱","世界刷新","0","0","1 | 7 | 34 | 84","4000","0","25","25","1430","0","0","0","0","0","0","","","","","2008-06-10","2019-12-31","12:10:00","1430","1","1","0","0","30",""
"590","2","银宝箱","世界刷新","0","0","1 | 7 | 34 | 84","4001","0","25","25","1430","0","0","0","0","0","0","","","","","2008-06-10","2019-12-31","12:10:00","1430","1","1","0","0","30",""
"591","2","金宝箱","世界刷新","0","0","1 | 7 | 34 | 84","4002","0","150","150","1430","0","0","0","0","0","0","","","","","2008-06-10","2019-12-31","12:10:00","1430","1","1","0","0","30",""
"592","2","VIP","世界刷新","0","0","500","401000|401001|401002|401003|401004|401006","0","50","50","1430","0","0","0","0","0","0","","","","","2008-06-10","2019-12-31","12:10:00","1430","1","1","0","0","30",""
"593","2","蚩尤","世界刷新","0","0","1 | 2 | 6 | 7 | 8 | 11 | 12 | 14 | 19 | 34 | 84","301000 | 301001 | 301002 | 301003","0","50","50","1430","0","0","0","0","0","0","","","","","2008-06-10","2019-12-31","12:10:00","1430","1","1","0","0","30",""
"594","2","VIP","固定NPC","0","0","34","2200","0","1","1","1430","0","0","0","0","0","2","","","","","2009-07-19","2029-07-19","00:00:00","1439","1","1","0","0","60"
"595","2","VIP","固定NPC","0","0","34","2201","0","1","1","1430","0","0","0","0","0","2","","","","","2009-07-19","2029-07-19","00:00:00","1439","1","1","0","0","60"
"596","2","VIP","固定NPC","0","0","34","2202","0","1","1","1430","0","0","0","0","0","2","","","","","2009-07-19","2029-07-19","00:00:00","1439","1","1","0","0","60"
"597","2","VIP","固定NPC","0","0","34","2203","0","1","1","1430","0","0","0","0","0","2","","","","","2009-07-19","2029-07-19","00:00:00","1439","1","1","0","0","60"
"598","2","VIP","固定NPC","0","0","34","2204","0","1","1","1430","0","0","0","0","0","2","","","","","2009-07-19","2029-07-19","00:00:00","1439","1","1","0","0","60"
"599","2","蚩尤","世界刷新","0","0","1 | 2 | 6 | 7 | 8 | 11 | 12 | 14 | 19 | 34 | 84","400813 | 400814 | 400815 | 400816 ","0","70","70","1430","0","0","0","0","0","0","","","","","2008-06-10","2019-12-31","12:10:00","1430","1","1","0","0","30",""
